City_ID,City,Lat,Lng,Max Temp,Humidity,Cloudiness,Wind Speed,Country,Date,Current Description
0,Hobart,-42.8794,147.3294,55.26,55,40,12.66,AU,2022-10-04 00:51:20,scattered clouds
1,Mar Del Plata,-38.0023,-57.5575,53.1,84,0,6.91,AR,2022-10-04 00:53:59,clear sky
2,Mataura,-46.1927,168.8643,53.87,65,98,10.98,NZ,2022-10-04 00:53:59,overcast clouds
3,Kodiak,57.79,-152.4072,51.31,76,100,10.36,US,2022-10-04 00:54:00,overcast clouds
4,Port Elizabeth,-33.918,25.5701,59.31,87,0,13.8,ZA,2022-10-04 00:54:00,clear sky
5,Chokurdakh,70.6333,147.9167,24.53,84,98,4.52,RU,2022-10-04 00:54:00,overcast clouds
6,Cape Town,-33.9258,18.4232,56.12,87,20,4.61,ZA,2022-10-04 00:49:06,few clouds
7,Albany,42.6001,-73.9662,48.58,79,100,1.88,US,2022-10-04 00:49:36,overcast clouds
8,Yellowknife,62.456,-114.3525,46.92,66,75,10.36,CA,2022-10-04 00:54:01,broken clouds
9,Moose Factory,51.2585,-80.6094,60.78,77,100,4.61,CA,2022-10-04 00:54:01,overcast clouds
10,Seda,57.65,25.75,43.05,94,100,11.52,LV,2022-10-04 00:54:02,overcast clouds
11,Ostrovnoy,68.0531,39.5131,41.79,79,100,10.27,RU,2022-10-04 00:54:02,overcast clouds
12,Bandarbeyla,9.4942,50.8122,76.87,77,26,21.52,SO,2022-10-04 00:54:03,scattered clouds
13,Busselton,-33.65,115.3333,57.65,65,0,12.95,AU,2022-10-04 00:54:03,clear sky
14,Bambous Virieux,-20.3428,57.7575,70.21,78,40,9.22,MU,2022-10-04 00:54:04,scattered clouds
15,Rikitea,-23.1203,-134.9692,71.35,66,100,19.53,PF,2022-10-04 00:54:04,overcast clouds
16,Ahipara,-35.1667,173.1667,58.98,70,93,11.41,NZ,2022-10-04 00:54:04,overcast clouds
17,Punta Arenas,-53.15,-70.9167,42.91,87,75,10.36,CL,2022-10-04 00:50:11,broken clouds
18,Hithadhoo,-0.6,73.0833,81.97,69,100,16.67,MV,2022-10-04 00:54:05,overcast clouds
19,Ushuaia,-54.8,-68.3,46.06,66,0,1.14,AR,2022-10-04 00:53:01,clear sky
20,Olafsvik,64.8945,-23.7142,46.29,78,100,22.03,IS,2022-10-04 00:54:06,overcast clouds
21,Sabla,12.7525,4.7077,79.99,74,17,9.15,NG,2022-10-04 00:54:06,few clouds
22,Thompson,55.7435,-97.8558,46.56,66,20,0.0,CA,2022-10-04 00:53:26,few clouds
23,Zhezkazgan,47.8043,67.7144,34.77,37,0,11.18,KZ,2022-10-04 00:54:07,clear sky
24,Bredasdorp,-34.5322,20.0403,50.36,89,0,6.53,ZA,2022-10-04 00:54:07,clear sky
25,Arraial Do Cabo,-22.9661,-42.0278,68.36,84,100,4.45,BR,2022-10-04 00:54:07,light rain
26,Iquitos,-3.7481,-73.2472,78.84,73,40,4.61,PE,2022-10-04 00:54:08,scattered clouds
27,Balotra,25.8333,72.2333,79.84,52,0,6.29,IN,2022-10-04 00:54:08,clear sky
28,Nokaneng,-19.6667,22.2667,70.27,19,0,6.08,BW,2022-10-04 00:54:09,clear sky
29,Crotone,39.0851,17.1178,68.45,60,12,22.39,IT,2022-10-04 00:54:09,few clouds
30,Nikolskoye,59.7035,30.7861,48.09,90,100,7.83,RU,2022-10-04 00:54:10,overcast clouds
31,Matamoros,25.5333,-103.25,61.11,78,100,2.98,MX,2022-10-04 00:54:10,overcast clouds
32,Carnarvon,-24.8667,113.6333,71.37,40,0,6.11,AU,2022-10-04 00:54:10,clear sky
33,Castro,-24.7911,-50.0119,56.52,97,100,4.27,BR,2022-10-04 00:54:11,overcast clouds
34,Podosinovets,60.2776,47.0659,51.26,87,100,8.5,RU,2022-10-04 00:54:11,overcast clouds
35,Waupun,43.6333,-88.7296,59.52,65,7,5.23,US,2022-10-04 00:54:12,clear sky
36,Jamestown,42.097,-79.2353,48.02,63,0,6.91,US,2022-10-04 00:52:41,clear sky
37,Beeville,28.4008,-97.7483,80.98,41,0,0.0,US,2022-10-04 00:54:04,clear sky
38,Hovd,48.0056,91.6419,25.86,31,3,1.74,MN,2022-10-04 00:54:12,clear sky
39,Itarema,-2.9248,-39.9167,77.83,77,97,14.05,BR,2022-10-04 00:54:13,overcast clouds
40,Puerto Ayora,-0.7393,-90.3518,65.55,94,41,3.0,EC,2022-10-04 00:54:13,scattered clouds
41,Vaini,-21.2,-175.2,80.76,78,75,12.66,TO,2022-10-04 00:54:13,broken clouds
42,Luderitz,-26.6481,15.1594,57.09,80,0,18.68,NA,2022-10-04 00:54:14,clear sky
43,Lorengau,-2.0226,147.2712,85.91,67,17,10.78,PG,2022-10-04 00:55:14,few clouds
44,Baruun-Urt,46.6806,113.2792,29.71,38,0,9.95,MN,2022-10-04 00:55:15,clear sky
45,Port Alfred,-33.5906,26.891,58.17,85,100,4.0,ZA,2022-10-04 00:55:15,overcast clouds
46,Sur,22.5667,59.5289,77.58,76,0,6.13,OM,2022-10-04 00:55:15,clear sky
47,Coro,11.4045,-69.6734,80.62,85,9,14.2,VE,2022-10-04 00:55:16,clear sky
48,Kapaa,22.0752,-159.319,84.18,70,1,7.0,US,2022-10-04 00:55:16,clear sky
49,Erenhot,43.6475,111.9767,33.01,27,0,2.46,CN,2022-10-04 00:55:16,clear sky
50,Buraydah,26.326,43.975,77.45,15,5,6.62,SA,2022-10-04 00:55:17,clear sky
51,New Norfolk,-42.7826,147.0587,54.91,53,94,1.99,AU,2022-10-04 00:55:17,overcast clouds
52,Padang,-0.9492,100.3543,77.05,90,100,3.24,ID,2022-10-04 00:55:18,overcast clouds
53,Santa Fe,-31.6333,-60.7,70.0,56,4,5.99,AR,2022-10-04 00:55:18,clear sky
54,Svetlogorsk,52.6333,29.7333,39.42,97,100,10.89,BY,2022-10-04 00:55:18,overcast clouds
55,Richards Bay,-28.783,32.0377,70.14,78,100,16.33,ZA,2022-10-04 00:55:19,overcast clouds
56,Pisco,-13.7,-76.2167,60.85,82,0,17.27,PE,2022-10-04 00:54:50,clear sky
57,Vagur,61.4732,-6.8119,52.36,98,100,27.27,FO,2022-10-04 00:55:19,overcast clouds
58,Yumen,40.2833,97.2,39.49,42,0,16.58,CN,2022-10-04 00:55:20,clear sky
59,Tomatlan,19.9333,-105.25,73.96,95,100,2.66,MX,2022-10-04 00:55:20,overcast clouds
60,Bethel,41.3712,-73.414,49.17,88,100,1.01,US,2022-10-04 00:55:20,overcast clouds
61,Touros,-5.1989,-35.4608,76.91,76,25,14.25,BR,2022-10-04 00:52:08,scattered clouds
62,Saskylakh,71.9167,114.0833,13.8,96,93,6.04,RU,2022-10-04 00:55:21,overcast clouds
63,Altamont,42.2068,-121.7372,76.39,26,11,3.15,US,2022-10-04 00:55:21,few clouds
64,Bluff,-46.6,168.3333,45.32,89,100,20.47,NZ,2022-10-04 00:55:22,light rain
65,Hobyo,5.3505,48.5268,76.1,88,73,19.69,SO,2022-10-04 00:55:22,broken clouds
66,Tera,14.0078,0.7531,86.74,53,2,16.42,NE,2022-10-04 00:55:23,clear sky
67,Magrath,49.4167,-112.8686,75.34,37,6,4.61,CA,2022-10-04 00:55:23,clear sky
68,Salalah,17.0151,54.0924,76.01,83,81,3.56,OM,2022-10-04 00:55:23,broken clouds
69,Virginia Beach,36.8529,-75.978,54.03,94,100,25.32,US,2022-10-04 00:53:43,mist
70,Hermanus,-34.4187,19.2345,53.8,75,36,8.21,ZA,2022-10-04 00:54:13,scattered clouds
71,Tuktoyaktuk,69.4541,-133.0374,24.8,86,100,16.11,CA,2022-10-04 00:55:24,overcast clouds
72,Nome,64.5011,-165.4064,44.67,81,100,13.8,US,2022-10-04 00:51:03,light rain
73,Avera,33.194,-82.5271,62.65,71,11,6.06,US,2022-10-04 00:55:08,few clouds
74,Nagato,34.3833,131.2,78.78,72,20,15.03,JP,2022-10-04 00:55:25,few clouds
75,Kahului,20.8947,-156.47,80.96,91,42,8.01,US,2022-10-04 00:55:25,light rain
76,Hofn,64.2539,-15.2082,47.16,90,100,23.13,IS,2022-10-04 00:55:26,overcast clouds
77,Georgetown,5.4112,100.3354,82.33,90,20,3.44,MY,2022-10-04 00:55:26,few clouds
78,Oruro,-17.9833,-67.15,49.8,19,86,5.64,BO,2022-10-04 00:55:26,overcast clouds
79,Saldanha,-33.0117,17.9442,48.25,80,0,7.18,ZA,2022-10-04 00:55:27,clear sky
80,Saint-Philippe,-21.3585,55.7679,67.59,83,44,13.33,RE,2022-10-04 00:55:27,scattered clouds
81,Chapais,49.7834,-74.8492,44.38,72,78,7.31,CA,2022-10-04 00:55:27,broken clouds
82,Barcelos,41.5388,-8.6151,66.92,68,0,3.11,PT,2022-10-04 00:55:28,clear sky
83,Chicama,-7.8447,-79.1469,57.74,81,56,6.67,PE,2022-10-04 00:55:28,broken clouds
84,Adrar,20.5022,-10.0711,90.68,27,100,7.63,MR,2022-10-04 00:55:29,overcast clouds
85,Itoman,26.1247,127.6694,84.22,74,20,5.75,JP,2022-10-04 00:55:29,few clouds
86,Norman Wells,65.282,-126.8329,35.64,100,100,4.61,CA,2022-10-04 00:55:30,light rain
87,Yulara,-25.2406,130.9889,65.19,62,97,6.93,AU,2022-10-04 00:55:30,overcast clouds
88,Khatanga,71.9667,102.5,14.94,87,100,6.82,RU,2022-10-04 00:55:30,overcast clouds
89,Puebla,18.8333,-98.0,62.22,50,80,3.71,MX,2022-10-04 00:56:31,broken clouds
90,Posse,-14.0931,-46.3694,75.29,55,15,4.27,BR,2022-10-04 00:56:31,few clouds
91,Torbay,47.6666,-52.7314,45.16,71,20,3.0,CA,2022-10-04 00:56:31,few clouds
92,Ribeira Grande,38.5167,-28.7,69.66,82,100,3.02,PT,2022-10-04 00:56:32,overcast clouds
93,Teruel,40.6667,-0.6667,58.15,47,93,2.91,ES,2022-10-04 00:56:32,overcast clouds
94,Cabo San Lucas,22.8909,-109.9124,88.05,69,3,5.86,MX,2022-10-04 00:56:32,clear sky
95,Uray,60.1247,64.7758,47.64,98,100,6.49,RU,2022-10-04 00:56:33,light rain
96,Mount Gambier,-37.8333,140.7667,58.64,73,100,10.38,AU,2022-10-04 00:56:33,overcast clouds
97,Victoria,22.2855,114.1577,86.38,81,5,5.01,HK,2022-10-04 00:51:57,clear sky
98,Ilulissat,69.2167,-51.1,17.28,85,41,5.86,GL,2022-10-04 00:56:34,scattered clouds
99,Mongar,27.2747,91.2396,61.34,91,100,2.77,BT,2022-10-04 00:56:34,overcast clouds
100,Talisay,10.2447,123.8494,82.42,78,75,3.44,PH,2022-10-04 00:56:34,broken clouds
101,Mahebourg,-20.4081,57.7,70.25,78,40,9.22,MU,2022-10-04 00:55:10,scattered clouds
102,Asau,46.4333,26.4,45.52,82,75,4.16,RO,2022-10-04 00:56:35,broken clouds
103,East London,-33.0153,27.9116,63.14,71,100,14.74,ZA,2022-10-04 00:55:34,overcast clouds
104,Magaria,12.9983,8.9099,83.03,60,67,8.93,NE,2022-10-04 00:56:36,broken clouds
105,Ziarat,30.3823,67.7282,51.64,26,0,2.21,PK,2022-10-04 00:56:36,clear sky
106,Airai,-8.9266,125.4092,72.14,67,80,1.5,TL,2022-10-04 00:56:36,broken clouds
107,Labrea,-7.2586,-64.7981,78.87,71,87,1.32,BR,2022-10-04 00:56:37,moderate rain
108,Hilo,19.7297,-155.09,84.27,87,77,1.99,US,2022-10-04 00:56:37,broken clouds
109,Meulaboh,4.1363,96.1285,76.37,86,97,1.43,ID,2022-10-04 00:56:38,light rain
110,Dikson,73.5069,80.5464,31.39,99,100,3.85,RU,2022-10-04 00:56:38,light snow
111,Poum,-20.2333,164.0167,74.26,63,1,16.24,NC,2022-10-04 00:56:38,clear sky
112,Avarua,-21.2078,-159.775,78.85,73,75,18.41,CK,2022-10-04 00:56:39,broken clouds
113,Praya,14.9215,-23.5087,79.34,83,75,12.66,CV,2022-10-04 00:56:39,thunderstorm
114,Qandala,11.472,49.8728,84.13,55,100,3.51,SO,2022-10-04 00:56:39,overcast clouds
115,Hibbing,47.4272,-92.9377,62.2,61,100,5.14,US,2022-10-04 00:56:40,overcast clouds
116,Tasiilaq,65.6145,-37.6368,34.54,99,100,8.79,GL,2022-10-04 00:55:27,light snow
117,Sao Joao Da Barra,-21.6403,-41.0511,71.69,92,100,7.85,BR,2022-10-04 00:56:40,overcast clouds
118,Ketchikan,55.3422,-131.6461,55.33,74,100,4.38,US,2022-10-04 00:56:41,overcast clouds
119,Djenne,13.9061,-4.5533,79.97,55,100,6.51,ML,2022-10-04 00:56:41,overcast clouds
120,Souillac,-20.5167,57.5167,70.18,78,40,9.22,MU,2022-10-04 00:56:42,scattered clouds
121,Yarada,17.65,83.2667,79.12,100,75,3.44,IN,2022-10-04 00:56:42,mist
122,Faanui,-16.4833,-151.75,78.4,75,5,15.05,PF,2022-10-04 00:56:42,light rain
123,Senanga,-16.1167,23.2667,66.7,27,0,6.17,ZM,2022-10-04 00:56:43,clear sky
124,Bathsheba,13.2167,-59.5167,83.01,83,20,13.8,BB,2022-10-04 00:56:43,few clouds
125,Quelimane,-17.8786,36.8883,69.75,94,0,0.0,MZ,2022-10-04 00:56:44,clear sky
126,Prince Rupert,54.3161,-130.3201,57.29,84,0,10.36,CA,2022-10-04 00:55:02,clear sky
127,Sao Filipe,14.8961,-24.4956,79.2,79,100,9.31,CV,2022-10-04 00:56:44,light rain
128,Seguin,29.5688,-97.9647,80.91,34,100,2.19,US,2022-10-04 00:56:44,overcast clouds
129,Vuktyl,63.8567,57.3094,40.28,81,100,4.05,RU,2022-10-04 00:56:45,overcast clouds
130,Mayo,38.8876,-76.5119,50.11,91,100,7.0,US,2022-10-04 00:56:45,light rain
131,Pungesti,46.7,27.3333,47.28,69,99,4.43,RO,2022-10-04 00:56:45,overcast clouds
132,Okha,53.5739,142.9478,40.64,84,100,13.58,RU,2022-10-04 00:56:46,light rain
133,Am Timan,11.0297,20.2827,68.38,85,100,1.83,TD,2022-10-04 00:56:46,light rain
134,Maniitsoq,65.4167,-52.9,33.76,67,100,3.96,GL,2022-10-04 00:56:47,overcast clouds
135,Saint-Georges,12.0564,-61.7485,82.08,83,20,5.75,GD,2022-10-04 00:57:47,few clouds
136,La Ronge,55.1001,-105.2842,53.82,54,20,3.44,CA,2022-10-04 00:57:48,smoke
137,Burgeo,47.6167,-57.6152,44.01,73,3,7.25,CA,2022-10-04 00:57:48,clear sky
138,Alice Springs,-23.7,133.8833,72.95,73,40,3.44,AU,2022-10-04 00:53:13,scattered clouds
139,Almaznyy,48.0448,40.045,52.0,76,100,5.84,RU,2022-10-04 00:57:48,overcast clouds
140,Basco,20.4487,121.9702,83.41,78,18,13.0,PH,2022-10-04 00:57:49,few clouds
141,Katherine,-14.4667,132.2667,86.32,58,0,8.05,AU,2022-10-04 00:57:49,clear sky
142,Beyneu,45.3167,55.2,50.65,38,58,11.88,KZ,2022-10-04 00:57:50,broken clouds
143,San Buenaventura,27.0833,-101.5333,74.48,50,100,1.74,MX,2022-10-04 00:57:50,overcast clouds
144,Eureka,40.8021,-124.1637,61.2,82,3,1.99,US,2022-10-04 00:54:16,clear sky
145,Alta,69.9689,23.2717,38.46,93,100,1.14,NO,2022-10-04 00:57:50,overcast clouds
146,Port Blair,11.6667,92.75,82.44,83,40,2.3,IN,2022-10-04 00:54:15,mist
147,Koslan,63.4564,48.8989,42.15,95,100,8.97,RU,2022-10-04 00:57:51,overcast clouds
148,Acapulco,16.8634,-99.8901,79.86,79,27,7.36,MX,2022-10-04 00:57:00,scattered clouds
149,Saiha,22.4833,92.9667,72.19,98,74,2.13,IN,2022-10-04 00:57:52,broken clouds
150,Primorsko,42.2667,27.7667,54.07,61,5,10.29,BG,2022-10-04 00:57:52,clear sky
151,Atuona,-9.8,-139.0333,76.53,76,24,17.81,PF,2022-10-04 00:57:52,few clouds
152,Aklavik,68.2191,-135.0107,29.55,89,98,8.12,CA,2022-10-04 00:57:53,overcast clouds
153,Hamilton,39.1834,-84.5333,59.02,65,0,5.08,US,2022-10-04 00:57:53,clear sky
154,Chuy,-33.6971,-53.4616,54.27,66,87,7.58,UY,2022-10-04 00:57:53,overcast clouds
155,Ponta Do Sol,32.6667,-17.1,71.71,69,80,2.95,PT,2022-10-04 00:57:54,broken clouds
156,Saint-Augustin,51.226,-58.6502,43.68,59,9,12.24,CA,2022-10-04 00:57:54,clear sky
157,Ondjiva,-17.0667,15.7333,66.85,33,5,5.19,AO,2022-10-04 00:57:54,clear sky
158,Tromso,69.6496,18.957,42.39,93,100,0.0,NO,2022-10-04 00:57:55,fog
159,Pindamonhangaba,-22.9239,-45.4617,66.45,77,100,4.61,BR,2022-10-04 00:57:55,overcast clouds
160,Kovdor,67.5662,30.4758,35.17,94,100,2.33,RU,2022-10-04 00:57:55,overcast clouds
161,Gao,16.6362,1.637,90.1,12,0,7.25,ML,2022-10-04 00:57:56,clear sky
162,Port Macquarie,-31.4333,152.9167,71.89,57,6,6.2,AU,2022-10-04 00:53:00,clear sky
163,Palmer,42.1584,-72.3287,50.43,69,100,9.22,US,2022-10-04 00:53:13,overcast clouds
164,Mengyin,35.7069,117.9264,51.4,55,100,17.11,CN,2022-10-04 00:57:56,light rain
165,Tessalit,20.1986,1.0114,86.77,13,0,11.45,ML,2022-10-04 00:57:57,clear sky
166,Mhlume,-26.0333,31.85,69.28,91,27,7.45,SZ,2022-10-04 00:57:57,scattered clouds
167,Cedar City,37.6775,-113.0619,63.39,50,76,3.36,US,2022-10-04 00:55:05,broken clouds
168,Mananjary,-21.2167,48.3333,65.91,87,10,8.32,MG,2022-10-04 00:57:58,clear sky
169,Bad Segeberg,53.9333,10.3167,52.86,97,100,6.04,DE,2022-10-04 00:57:58,overcast clouds
170,Sisimiut,66.9395,-53.6735,31.68,85,100,6.11,GL,2022-10-04 00:57:59,overcast clouds
171,Guerrero Negro,27.9769,-114.0611,70.25,78,50,16.02,MX,2022-10-04 00:57:59,scattered clouds
172,Tuatapere,-46.1333,167.6833,48.34,84,100,10.47,NZ,2022-10-04 00:58:00,light rain
173,Rocky Mountain House,52.3668,-114.9188,71.71,43,17,3.44,CA,2022-10-04 00:58:00,few clouds
174,Wanning,18.8003,110.3967,82.22,81,100,2.48,CN,2022-10-04 00:58:00,overcast clouds
175,Azul,-36.777,-59.8585,53.28,57,100,14.29,AR,2022-10-04 00:58:01,overcast clouds
176,Changping,40.2186,116.2197,51.44,18,0,8.81,CN,2022-10-04 00:58:01,clear sky
177,Upernavik,72.7868,-56.1549,21.65,77,100,6.38,GL,2022-10-04 00:58:02,overcast clouds
178,Birao,10.2849,22.7882,70.45,97,100,5.95,CF,2022-10-04 00:58:02,moderate rain
179,Severo-Kurilsk,50.6789,156.125,53.46,72,98,15.28,RU,2022-10-04 00:53:58,overcast clouds
180,Gostyn,51.8825,17.0123,49.66,95,11,13.31,PL,2022-10-04 00:58:02,few clouds
181,Harper,4.375,-7.7169,75.85,90,100,5.93,LR,2022-10-04 00:58:03,overcast clouds
182,Saint-Pierre,-21.3393,55.4781,67.68,68,0,6.91,RE,2022-10-04 00:59:03,clear sky
183,Pevek,69.7008,170.3133,29.37,76,100,8.72,RU,2022-10-04 00:59:03,overcast clouds
184,Banyo,6.75,11.8167,63.82,95,100,2.91,CM,2022-10-04 00:59:04,light rain
185,San Patricio,28.017,-97.5169,78.89,44,100,4.94,US,2022-10-04 00:59:04,overcast clouds
186,Manavadar,21.5,70.1333,75.99,83,100,3.71,IN,2022-10-04 00:59:05,overcast clouds
187,Rio Grande,-32.035,-52.0986,53.71,63,99,12.12,BR,2022-10-04 00:59:05,overcast clouds
188,Cherskiy,68.75,161.3,28.74,73,100,7.81,RU,2022-10-04 00:59:05,overcast clouds
189,Areosa,41.7178,-8.8571,62.22,71,0,2.68,PT,2022-10-04 00:59:06,clear sky
190,Ancud,-41.8697,-73.8203,48.45,94,100,11.52,CL,2022-10-04 00:59:06,light rain
191,Kavieng,-2.5744,150.7967,85.75,64,100,9.01,PG,2022-10-04 00:59:07,overcast clouds
192,Klaksvik,62.2266,-6.589,52.72,98,100,24.99,FO,2022-10-04 00:58:12,overcast clouds
193,Balykshi,47.0667,51.8667,53.6,30,0,17.9,KZ,2022-10-04 00:59:07,clear sky
194,Yatou,37.15,122.3833,53.64,62,100,28.27,CN,2022-10-04 00:59:08,overcast clouds
195,Tokur,53.1333,132.9,26.89,49,100,6.49,RU,2022-10-04 00:59:08,overcast clouds
196,Mahonda,-6.45,39.4667,73.51,78,69,10.92,TZ,2022-10-04 00:59:09,broken clouds
197,Tual,-5.6667,132.75,81.9,80,62,6.26,ID,2022-10-04 00:59:09,broken clouds
198,Naberera,-4.2,36.9333,56.1,81,68,5.37,TZ,2022-10-04 00:59:10,broken clouds
199,Coruripe,-10.1256,-36.1756,72.21,78,1,8.12,BR,2022-10-04 00:59:10,clear sky
200,Gamba,-2.65,10.0,75.79,82,100,6.73,GA,2022-10-04 00:59:10,overcast clouds
201,Hargeysa,9.56,44.065,68.63,70,42,16.24,SO,2022-10-04 00:59:11,scattered clouds
202,Tiksi,71.6872,128.8694,20.34,89,84,11.68,RU,2022-10-04 00:59:11,broken clouds
203,Namatanai,-3.6667,152.4333,86.58,62,72,6.13,PG,2022-10-04 00:59:12,broken clouds
204,Nyurba,63.2842,118.3319,27.36,69,76,7.27,RU,2022-10-04 00:59:12,broken clouds
205,Nhulunbuy,-12.2333,136.7667,86.61,66,40,12.66,AU,2022-10-04 00:59:12,scattered clouds
206,Talnakh,69.4865,88.3972,34.21,95,100,24.34,RU,2022-10-04 00:59:13,snow
207,Shubarkuduk,49.1447,56.4872,40.69,29,0,8.95,KZ,2022-10-04 00:59:13,clear sky
208,San Joaquin,37.9333,-121.3011,86.11,43,0,8.39,US,2022-10-04 00:59:13,clear sky
209,Cuamba,-14.8031,36.5372,71.92,41,0,6.24,MZ,2022-10-04 00:59:14,clear sky
210,Qaanaaq,77.484,-69.3632,17.31,72,100,6.35,GL,2022-10-04 00:59:14,overcast clouds
211,Sabang,5.8933,95.3214,80.91,77,86,18.12,ID,2022-10-04 00:59:14,overcast clouds
212,Denham Springs,30.4869,-90.9562,73.94,68,90,5.14,US,2022-10-04 00:59:15,overcast clouds
213,Yenagoa,4.9247,6.2642,73.85,95,100,3.4,NG,2022-10-04 00:59:15,overcast clouds
214,Oranjestad,12.524,-70.027,84.15,79,20,13.8,AW,2022-10-04 00:59:16,few clouds
215,Pipri,19.8,75.5333,73.98,88,40,3.44,IN,2022-10-04 00:59:16,scattered clouds
216,Kloulklubed,7.0419,134.2556,84.7,82,100,2.19,PW,2022-10-04 00:59:17,overcast clouds
217,Butaritari,3.0707,172.7902,81.77,74,97,10.96,KI,2022-10-04 00:59:17,overcast clouds
218,Russell,32.3502,-85.1999,68.0,63,37,4.97,US,2022-10-04 00:59:17,scattered clouds
219,Gat,31.61,34.7642,74.39,100,1,1.25,IL,2022-10-04 00:59:18,clear sky
220,Sault Sainte Marie,46.5168,-84.3333,57.02,82,40,6.91,CA,2022-10-04 00:59:17,scattered clouds
221,Bud,39.447,-86.1758,59.32,58,0,7.49,US,2022-10-04 00:59:18,clear sky
222,Kruisfontein,-34.0033,24.7314,53.49,84,20,9.24,ZA,2022-10-04 00:59:19,few clouds
223,Coquimbo,-29.9533,-71.3436,53.28,83,4,4.7,CL,2022-10-04 01:00:20,clear sky
224,Geraldton,-28.7667,114.6,66.61,42,0,11.5,AU,2022-10-04 01:00:20,clear sky
225,Baykit,61.67,96.37,26.46,87,93,2.37,RU,2022-10-04 01:00:21,overcast clouds
226,Terney,45.0503,136.6092,42.82,50,100,20.67,RU,2022-10-04 01:00:21,overcast clouds
227,Leningradskiy,69.3833,178.4167,31.51,92,100,5.97,RU,2022-10-04 01:00:21,light snow
228,Ecoporanga,-18.3733,-40.8306,76.98,68,99,2.3,BR,2022-10-04 01:00:22,overcast clouds
229,Chimbote,-9.0853,-78.5783,62.33,84,50,8.95,PE,2022-10-04 01:00:22,scattered clouds
230,San Quintin,30.4833,-115.95,69.26,82,65,12.97,MX,2022-10-04 01:00:23,broken clouds
231,Ulladulla,-35.35,150.4667,64.09,63,77,8.63,AU,2022-10-04 01:00:23,broken clouds
232,Nichlaul,27.3167,83.7333,75.52,89,68,8.84,IN,2022-10-04 01:00:24,broken clouds
233,Nalut,30.3333,10.85,69.58,42,2,8.77,LY,2022-10-04 01:00:24,clear sky
234,Clyde River,70.4692,-68.5914,27.75,94,100,4.14,CA,2022-10-04 01:00:24,light snow
235,Treinta Y Tres,-33.2333,-54.3833,45.5,91,8,6.87,UY,2022-10-04 01:00:25,clear sky
236,Port-Gentil,-0.7193,8.7815,77.5,83,100,11.48,GA,2022-10-04 01:00:25,overcast clouds
237,Srednekolymsk,67.45,153.6833,26.96,74,95,3.4,RU,2022-10-04 01:00:26,overcast clouds
238,Pionki,51.476,21.4499,50.34,59,75,14.38,PL,2022-10-04 01:00:26,broken clouds
239,Lebu,-37.6167,-73.65,51.55,92,95,11.79,CL,2022-10-04 01:00:27,overcast clouds
240,Lasa,46.6166,10.7002,45.36,54,11,4.32,IT,2022-10-04 01:00:27,few clouds
241,Los Llanos De Aridane,28.6585,-17.9182,74.12,51,100,8.05,ES,2022-10-04 01:00:28,overcast clouds
242,Icod De Los Vinos,28.3724,-16.7119,77.22,47,26,9.86,ES,2022-10-04 01:00:28,scattered clouds
243,Koshki,54.2091,50.4677,52.9,32,100,15.35,RU,2022-10-04 01:00:29,overcast clouds
244,Oron,4.8256,8.2343,74.03,92,98,1.77,NG,2022-10-04 01:00:29,overcast clouds
245,Amapa,1.0,-52.0,72.79,95,100,2.73,BR,2022-10-04 01:00:30,overcast clouds
246,Kribi,2.95,9.9167,75.79,90,100,1.01,CM,2022-10-04 01:00:30,light rain
247,Nanortalik,60.1432,-45.2371,36.25,75,5,6.11,GL,2022-10-04 01:00:31,clear sky
248,Takoradi,4.8845,-1.7554,75.02,94,96,6.06,GH,2022-10-04 01:00:31,overcast clouds
249,Kiruna,67.8557,20.2251,36.52,100,100,2.3,SE,2022-10-04 01:00:32,overcast clouds
250,Biak,-0.9131,122.8766,83.05,67,56,1.63,ID,2022-10-04 01:00:32,broken clouds
251,Karaton,-6.3424,106.1045,76.8,85,100,4.72,ID,2022-10-04 01:00:32,overcast clouds
252,Springbok,-29.6643,17.8865,44.64,85,7,4.05,ZA,2022-10-04 01:00:33,clear sky
253,Saint George,37.1041,-113.5841,79.39,31,0,13.8,US,2022-10-04 01:00:33,clear sky
254,Gazi,35.3253,25.0669,67.06,76,20,4.61,GR,2022-10-04 01:00:34,few clouds
255,Keelung,25.1283,121.7419,91.06,69,3,3.31,TW,2022-10-04 01:00:34,clear sky
256,Ucluelet,48.9329,-125.5528,56.08,91,49,3.31,CA,2022-10-04 01:00:35,scattered clouds
257,Port Washington,40.8257,-73.6982,50.59,82,100,15.99,US,2022-10-04 01:00:35,light rain
258,Muzhi,65.3667,64.6667,35.76,86,9,10.25,RU,2022-10-04 01:00:36,clear sky
259,Howard Springs,-12.497,131.047,85.98,86,93,2.8,AU,2022-10-04 01:00:36,light rain
260,Wentzville,38.8114,-90.8529,65.05,63,0,7.05,US,2022-10-04 01:00:08,clear sky
261,Port Lincoln,-34.7333,135.8667,57.9,93,100,26.17,AU,2022-10-04 01:00:08,overcast clouds
262,Hasaki,35.7333,140.8333,83.21,69,31,22.3,JP,2022-10-04 01:00:37,scattered clouds
263,Mount Isa,-20.7333,139.5,89.37,29,50,10.36,AU,2022-10-04 01:00:37,scattered clouds
264,Vila Franca Do Campo,37.7167,-25.4333,75.2,93,49,10.51,PT,2022-10-04 01:00:37,light rain
265,Progreso,21.2833,-89.6667,81.1,74,18,11.72,MX,2022-10-04 01:00:38,few clouds
266,Norrtalje,59.758,18.705,49.01,91,45,9.06,SE,2022-10-04 01:00:38,scattered clouds
267,Sainte-Suzanne,-20.9061,55.6089,71.78,73,75,16.11,RE,2022-10-04 01:00:39,broken clouds
268,Hambantota,6.1241,81.1185,77.34,94,20,5.75,LK,2022-10-04 01:00:39,few clouds
269,Karratha,-20.7377,116.8463,79.5,41,0,10.11,AU,2022-10-04 01:01:40,clear sky
270,Makakilo City,21.3469,-158.0858,84.43,63,18,8.63,US,2022-10-04 01:01:40,few clouds
271,Camacha,33.0833,-16.3333,63.82,82,20,3.44,PT,2022-10-04 00:56:52,few clouds
272,Deputatskiy,69.3,139.9,13.15,93,40,3.76,RU,2022-10-04 01:01:40,scattered clouds
273,Matadi,-5.8167,13.45,75.61,83,88,4.52,CD,2022-10-04 01:01:41,overcast clouds
274,Hailar,49.2,119.7,33.35,24,0,10.11,CN,2022-10-04 01:01:41,clear sky
275,Zirandaro,18.45,-100.9833,78.22,80,54,1.99,MX,2022-10-04 01:01:42,broken clouds
276,Barrow,71.2906,-156.7887,26.24,86,38,10.16,US,2022-10-04 00:59:15,scattered clouds
277,Miri,4.4148,114.0089,80.82,81,93,5.53,MY,2022-10-04 01:01:42,overcast clouds
278,Chaman,30.9236,66.4512,63.05,18,0,3.33,PK,2022-10-04 01:01:43,clear sky
279,Codrington,-38.2667,141.9667,57.13,74,100,14.36,AU,2022-10-04 01:01:43,light rain
280,Madang,-5.2246,145.7966,85.51,65,11,3.87,PG,2022-10-04 01:01:43,few clouds
281,Pacific Grove,36.6177,-121.9166,73.02,74,0,8.01,US,2022-10-04 00:58:27,clear sky
282,Khasan,42.4308,130.6434,48.47,46,85,20.65,RU,2022-10-04 01:01:44,overcast clouds
283,Ipanguacu,-5.4983,-36.855,76.51,62,97,13.2,BR,2022-10-04 01:01:44,overcast clouds
284,Diamantino,-14.4086,-56.4461,75.6,80,88,6.71,BR,2022-10-04 01:01:45,overcast clouds
285,Marienburg,54.0359,19.0266,53.04,90,16,10.89,PL,2022-10-04 01:01:45,few clouds
286,Siemiatycze,52.4272,22.8623,47.26,90,99,18.14,PL,2022-10-04 01:01:45,overcast clouds
287,Laguna,38.421,-121.4238,88.09,40,0,8.05,US,2022-10-04 01:01:46,clear sky
288,Hay River,60.8156,-115.7999,46.71,62,96,7.07,CA,2022-10-04 01:01:46,overcast clouds
289,La Crosse,43.8014,-91.2396,62.85,75,100,1.99,US,2022-10-04 01:01:47,overcast clouds
290,Anadyr,64.75,177.4833,32.5,93,75,4.47,RU,2022-10-04 01:01:47,fog
291,Adre,13.4667,22.2,74.17,70,100,1.16,TD,2022-10-04 01:01:47,overcast clouds
292,Manokwari,-0.8667,134.0833,83.59,72,42,4.81,ID,2022-10-04 01:01:48,scattered clouds
293,Lander,42.833,-108.7307,58.15,68,35,5.79,US,2022-10-04 00:59:59,scattered clouds
294,Catuday,16.2923,119.8062,82.29,74,60,6.26,PH,2022-10-04 01:01:48,broken clouds
295,Qiqihar,47.3408,123.9672,40.78,27,0,15.32,CN,2022-10-04 01:01:20,clear sky
296,Constitucion,-35.3333,-72.4167,48.88,89,12,3.47,CL,2022-10-04 01:01:49,few clouds
297,Jamame,0.0722,42.7506,73.13,90,11,6.11,SO,2022-10-04 01:01:49,few clouds
298,Shimoda,34.6667,138.95,82.11,70,49,11.59,JP,2022-10-04 01:01:49,scattered clouds
299,Sri Aman,1.2376,111.4621,77.49,90,99,2.24,MY,2022-10-04 01:01:50,overcast clouds
300,Blyth,55.1271,-1.5086,59.79,77,0,6.91,GB,2022-10-04 01:01:50,clear sky
301,Lokosovo,61.1333,74.8167,39.88,93,100,12.19,RU,2022-10-04 01:01:51,overcast clouds
302,La Victoria,10.2184,-67.3302,70.59,93,7,3.56,VE,2022-10-04 01:01:51,clear sky
303,Waddan,29.1614,16.139,70.34,73,100,6.22,LY,2022-10-04 01:01:51,overcast clouds
304,Carutapera,-1.195,-46.02,77.99,80,10,6.85,BR,2022-10-04 01:01:52,clear sky
305,Yuli,9.6989,10.2744,71.67,88,100,3.42,NG,2022-10-04 01:01:52,light rain
306,Zyryanka,65.75,150.85,27.81,72,100,9.93,RU,2022-10-04 01:01:35,overcast clouds
307,Jurm,36.8648,70.8342,51.71,60,0,3.18,AF,2022-10-04 01:01:53,clear sky
308,Gazojak,41.1875,61.4036,51.1,20,0,7.67,TM,2022-10-04 01:01:53,clear sky
309,Petropavlovsk-Kamchatskiy,53.0452,158.6483,52.39,76,20,2.24,RU,2022-10-04 01:01:54,few clouds
310,Batagay-Alyta,67.8006,130.4114,19.44,85,73,3.78,RU,2022-10-04 01:01:54,broken clouds
311,Neman,55.0311,22.0264,50.56,75,100,16.44,RU,2022-10-04 01:01:54,overcast clouds
312,Quang Ngai,15.1167,108.8,79.65,83,94,4.7,VN,2022-10-04 01:01:55,overcast clouds
313,Menzelinsk,55.7271,53.1026,46.94,47,9,11.48,RU,2022-10-04 01:01:55,clear sky
314,Uniara,26.15,75.2167,75.6,57,0,9.08,IN,2022-10-04 01:01:55,clear sky
315,Poso,-1.3959,120.7524,84.72,65,15,0.98,ID,2022-10-04 01:01:56,few clouds
316,Grindavik,63.8424,-22.4338,50.47,81,100,13.8,IS,2022-10-04 01:02:56,overcast clouds
317,Bara,10.3744,10.7288,73.62,92,100,9.26,NG,2022-10-04 01:02:57,overcast clouds
318,Cidreira,-30.1811,-50.2056,55.76,73,0,8.72,BR,2022-10-04 01:02:57,clear sky
319,Beringovskiy,63.05,179.3167,37.0,73,100,8.61,RU,2022-10-04 01:02:57,overcast clouds
320,Cap Malheureux,-19.9842,57.6142,70.47,72,0,5.99,MU,2022-10-04 01:02:58,clear sky
321,Evensk,61.95,159.2333,37.83,49,39,13.15,RU,2022-10-04 01:02:58,scattered clouds
322,Saint Anthony,45.0205,-93.218,69.71,56,100,1.99,US,2022-10-04 01:00:07,overcast clouds
323,Kavaratti,10.5669,72.642,81.41,78,100,15.05,IN,2022-10-04 01:02:58,overcast clouds
324,Taltal,-25.4,-70.4833,57.09,76,26,4.97,CL,2022-10-04 01:00:49,scattered clouds
325,Byron Bay,-28.65,153.6167,69.94,58,9,4.68,AU,2022-10-04 01:02:59,clear sky
326,Honiara,-9.4333,159.95,86.74,67,93,8.99,SB,2022-10-04 01:02:59,overcast clouds
327,Americus,32.0724,-84.2327,60.39,70,0,6.55,US,2022-10-04 00:59:35,clear sky
328,Nacozari,25.3366,-108.2574,81.68,75,0,11.16,MX,2022-10-04 01:03:00,clear sky
329,Saqqez,36.2499,46.2735,57.61,31,1,5.03,IR,2022-10-04 01:03:01,clear sky
330,Kupang,-10.1667,123.5833,85.44,63,99,3.0,ID,2022-10-04 01:03:01,overcast clouds
331,Inhambane,-23.865,35.3833,71.37,89,1,9.35,MZ,2022-10-04 01:03:01,clear sky
332,Darhan,49.4867,105.9228,31.24,43,2,4.32,MN,2022-10-04 01:03:02,clear sky
333,Mayumba,-3.432,10.6554,75.61,86,100,7.76,GA,2022-10-04 01:03:02,light rain
334,Vizinga,61.0749,50.1031,48.96,88,100,7.05,RU,2022-10-04 01:03:03,overcast clouds
335,Havelock,34.8791,-76.9013,55.35,86,100,4.0,US,2022-10-04 01:03:03,overcast clouds
336,Boa Vista,2.8197,-60.6733,80.58,69,40,3.44,BR,2022-10-04 01:03:03,scattered clouds
337,Berlevag,70.8578,29.0864,37.4,93,100,1.14,NO,2022-10-04 01:03:04,overcast clouds
338,Zalantun,48.0,122.7167,38.59,25,0,17.22,CN,2022-10-04 01:03:04,clear sky
339,Paamiut,61.994,-49.6678,36.72,69,12,10.0,GL,2022-10-04 01:03:05,few clouds
340,Pangnirtung,66.1451,-65.7125,35.08,55,100,8.77,CA,2022-10-04 01:03:05,light snow
341,Dir,35.2058,71.8756,57.43,60,2,8.05,PK,2022-10-04 01:03:05,clear sky
342,Naze,28.3667,129.4833,78.69,70,18,6.06,JP,2022-10-04 01:03:06,few clouds
343,The Pas,53.8251,-101.2541,50.56,54,4,1.36,CA,2022-10-04 01:03:06,clear sky
344,Te Anau,-45.4167,167.7167,47.52,82,99,7.45,NZ,2022-10-04 01:01:40,overcast clouds
345,Camopi,3.1655,-52.3158,75.72,84,73,4.45,GF,2022-10-04 01:03:07,broken clouds
346,Narsaq,60.9167,-46.05,35.82,59,0,6.69,GL,2022-10-04 01:03:07,clear sky
347,Provideniya,64.3833,-173.3,44.71,70,0,7.0,RU,2022-10-04 01:03:07,clear sky
348,Igrim,63.1906,64.4162,41.99,88,100,4.14,RU,2022-10-04 01:03:08,overcast clouds
349,Sainthia,23.95,87.6667,76.84,94,100,5.06,IN,2022-10-04 01:03:08,overcast clouds
350,Bosaso,11.2842,49.1816,83.62,58,58,3.83,SO,2022-10-04 01:03:09,broken clouds
351,Atar,20.5169,-13.0499,90.66,33,98,6.13,MR,2022-10-04 01:03:09,overcast clouds
352,Kaitangata,-46.2817,169.8464,58.24,48,67,13.8,NZ,2022-10-04 01:03:09,broken clouds
353,Margate,51.3813,1.3862,60.91,93,99,4.0,GB,2022-10-04 01:02:21,overcast clouds
354,Iqaluit,63.7506,-68.5145,37.13,86,100,19.57,CA,2022-10-04 01:00:15,overcast clouds
355,Rognan,67.0953,15.3878,50.05,77,94,4.09,NO,2022-10-04 01:03:10,overcast clouds
356,La Palma,33.8464,-118.0467,84.81,68,0,10.36,US,2022-10-04 01:03:10,clear sky
357,Batemans Bay,-35.7167,150.1833,64.09,56,69,8.08,AU,2022-10-04 01:03:11,broken clouds
358,Alampur,15.8833,78.15,75.83,79,100,7.67,IN,2022-10-04 01:03:11,overcast clouds
359,Lompoc,34.6391,-120.4579,73.78,77,4,5.99,US,2022-10-04 01:03:12,clear sky
360,Christchurch,-43.5333,172.6333,65.41,59,53,12.66,NZ,2022-10-04 00:59:16,broken clouds
361,Juneau,58.3019,-134.4197,52.21,100,37,1.61,US,2022-10-04 01:00:24,scattered clouds
362,Xunchang,28.4543,104.715,65.17,90,100,1.81,CN,2022-10-04 01:04:12,overcast clouds
363,Longyearbyen,78.2186,15.6401,35.44,87,75,2.3,SJ,2022-10-04 01:04:13,broken clouds
364,Qaqortoq,60.7167,-46.0333,35.46,62,0,6.53,GL,2022-10-04 01:04:13,clear sky
365,Paka,4.6374,103.4368,79.84,81,78,3.09,MY,2022-10-04 01:04:13,broken clouds
366,Southbridge,42.0751,-72.0334,50.43,82,100,8.01,US,2022-10-04 01:04:14,overcast clouds
367,Tall Kayf,37.0833,41.0667,73.81,23,0,7.7,TR,2022-10-04 01:04:14,clear sky
368,Kysyl-Syr,63.8986,122.7617,27.9,76,97,8.59,RU,2022-10-04 01:04:15,overcast clouds
369,Sao Felix Do Xingu,-6.6447,-51.995,78.21,54,7,2.15,BR,2022-10-04 01:04:15,clear sky
370,Port Augusta,-32.5,137.7667,81.66,29,100,21.79,AU,2022-10-04 01:04:16,overcast clouds
371,Lebrija,36.9208,-6.0753,67.08,72,0,1.3,ES,2022-10-04 01:04:16,clear sky
372,Santo Domingo,18.5001,-69.9886,76.68,94,20,0.0,DO,2022-10-04 01:04:14,few clouds
373,Velizh,55.6056,31.1967,38.73,97,100,1.45,RU,2022-10-04 01:04:16,overcast clouds
374,Sitka,57.0531,-135.33,55.29,71,0,4.61,US,2022-10-04 01:04:17,clear sky
375,Havre-Saint-Pierre,50.2334,-63.5986,46.58,78,4,16.22,CA,2022-10-04 01:04:17,clear sky
376,Bonoua,5.2741,-3.595,76.62,96,47,3.71,CI,2022-10-04 01:04:18,scattered clouds
377,Banjarmasin,-3.3244,114.591,78.94,79,91,2.28,ID,2022-10-04 01:04:18,overcast clouds
378,Vestmanna,62.1564,-7.1664,50.92,100,100,19.57,FO,2022-10-04 01:04:18,drizzle
379,Nefteyugansk,61.0998,72.6035,42.73,92,100,14.2,RU,2022-10-04 01:04:19,overcast clouds
380,Daoukro,7.0591,-3.9631,71.35,99,72,2.73,CI,2022-10-04 01:04:19,broken clouds
381,Kamiichi,36.7,137.3667,79.38,53,72,8.37,JP,2022-10-04 01:04:20,moderate rain
382,Lavrentiya,65.5833,-171.0,39.85,68,15,2.01,RU,2022-10-04 01:04:20,few clouds
383,West Bay,19.3667,-81.4167,82.47,71,40,6.91,KY,2022-10-04 01:04:20,scattered clouds
384,Dongsheng,39.8161,109.9776,32.77,42,0,13.58,CN,2022-10-04 01:04:21,clear sky
385,Togur,58.3631,82.8265,28.15,83,46,6.33,RU,2022-10-04 01:04:21,scattered clouds
386,Dudinka,69.4058,86.1778,34.63,95,100,25.99,RU,2022-10-04 01:04:21,snow
387,Fortuna,40.5982,-124.1573,60.93,78,3,5.59,US,2022-10-04 01:04:22,clear sky
388,Superior,46.7208,-92.1041,65.77,75,0,10.36,US,2022-10-04 01:00:00,clear sky
389,Havoysund,70.9963,24.6622,43.03,69,66,8.32,NO,2022-10-04 01:04:23,light rain
390,Burnie,-41.0667,145.9167,61.92,50,12,6.02,AU,2022-10-04 01:04:23,few clouds
391,Belmonte,-15.8631,-38.8828,74.8,87,12,9.86,BR,2022-10-04 01:04:23,few clouds
392,Tonantins,-2.8731,-67.8022,74.57,92,62,1.61,BR,2022-10-04 01:04:24,broken clouds
393,Lagoa,39.05,-27.9833,68.59,80,100,4.38,PT,2022-10-04 01:04:24,overcast clouds
394,Roma,43.2128,-75.4557,48.72,89,0,3.44,US,2022-10-04 01:04:24,clear sky
395,Ginir,7.1333,40.7,58.93,87,100,3.27,ET,2022-10-04 01:04:25,light rain
396,Pierre,44.3683,-100.351,66.06,68,75,5.75,US,2022-10-04 01:04:12,broken clouds
397,Kununurra,-15.7667,128.7333,89.58,45,4,5.75,AU,2022-10-04 01:04:25,clear sky
398,College,64.8569,-147.8028,51.78,70,40,5.75,US,2022-10-04 01:04:26,scattered clouds
399,Hit,33.6416,42.8251,80.85,18,0,8.34,IQ,2022-10-04 01:04:26,clear sky
400,Batagay,67.6333,134.6333,23.94,85,99,3.29,RU,2022-10-04 01:04:26,overcast clouds
401,La Sarre,48.8002,-79.1996,49.89,87,78,7.07,CA,2022-10-04 01:04:27,broken clouds
402,Mudgee,-32.5943,149.5871,66.61,51,13,5.39,AU,2022-10-04 01:04:27,few clouds
403,Phek,25.6667,94.5,60.31,98,100,0.96,IN,2022-10-04 01:04:27,overcast clouds
404,Muscat,23.6139,58.5922,82.42,66,0,8.16,OM,2022-10-04 01:04:28,clear sky
405,Tatawin,32.9297,10.4518,70.05,48,0,2.95,TN,2022-10-04 01:04:28,clear sky
406,Muroto,33.2833,134.15,78.33,76,43,13.09,JP,2022-10-04 01:04:29,scattered clouds
407,Dong Hoi,17.4833,106.6,80.42,83,52,6.6,VN,2022-10-04 01:04:29,broken clouds
408,Flinders,-34.5833,150.8552,67.37,67,77,4.0,AU,2022-10-04 01:05:29,broken clouds
409,Rock Sound,24.9,-76.2,82.04,69,27,5.35,BS,2022-10-04 01:05:30,scattered clouds
410,Tutoia,-2.7619,-42.2744,78.31,80,8,9.35,BR,2022-10-04 01:05:30,clear sky
411,Voh,-20.9667,164.7,79.27,45,4,14.76,NC,2022-10-04 01:05:31,clear sky
412,Moroto,2.5345,34.6666,69.04,64,99,2.19,UG,2022-10-04 01:05:31,overcast clouds
413,Krasnogorskoye,52.2953,86.1979,23.58,92,6,2.48,RU,2022-10-04 01:05:31,clear sky
414,Battle Creek,42.3212,-85.1797,50.38,30,83,3.36,US,2022-10-04 01:00:59,broken clouds
415,Necochea,-38.5473,-58.7368,46.44,83,100,16.15,AR,2022-10-04 01:05:32,overcast clouds
416,Raudeberg,61.9875,5.1352,53.87,62,100,14.05,NO,2022-10-04 01:05:32,overcast clouds
417,San Juan,-31.5375,-68.5364,75.06,31,2,18.92,AR,2022-10-04 01:05:33,clear sky
418,Mezen,65.8522,44.24,34.43,93,100,5.99,RU,2022-10-04 01:05:33,overcast clouds
419,Luba,3.4568,8.5547,76.96,87,97,3.71,GQ,2022-10-04 01:05:33,overcast clouds
420,Belaya Gora,68.5333,146.4167,24.67,80,97,5.61,RU,2022-10-04 01:05:34,overcast clouds
421,Prince Albert,53.2001,-105.7677,56.59,39,15,5.44,CA,2022-10-04 01:05:34,few clouds
422,Waingapu,-9.6567,120.2641,85.19,62,84,2.37,ID,2022-10-04 01:05:35,broken clouds
423,Vestmannaeyjar,63.4427,-20.2734,50.25,81,100,30.4,IS,2022-10-04 01:05:35,overcast clouds
424,Qasigiannguit,68.8193,-51.1922,32.25,81,49,6.17,GL,2022-10-04 01:05:35,scattered clouds
425,Izhma,65.0083,53.9113,39.94,87,100,3.56,RU,2022-10-04 01:05:36,overcast clouds
426,Kalmunai,7.4167,81.8167,79.12,70,100,3.22,LK,2022-10-04 01:05:36,overcast clouds
427,Jiexiu,37.0244,111.9125,48.4,63,100,8.52,CN,2022-10-04 01:05:37,overcast clouds
428,Piura,-5.2,-80.6333,66.22,72,33,17.85,PE,2022-10-04 01:01:39,scattered clouds
429,Atasu,48.6814,71.6433,31.41,45,0,9.71,KZ,2022-10-04 01:05:37,clear sky
430,Camocim,-2.9022,-40.8411,77.16,81,58,11.03,BR,2022-10-04 01:05:38,broken clouds
431,Palmares Do Sul,-30.2578,-50.5097,54.57,75,0,6.06,BR,2022-10-04 01:05:38,clear sky
432,Bourail,-21.5667,165.4833,73.54,55,33,11.74,NC,2022-10-04 01:00:43,scattered clouds
433,Mhango,-3.2833,32.85,68.05,68,73,1.7,TZ,2022-10-04 01:05:39,broken clouds
434,Hays,30.0502,-98.0336,78.82,35,100,2.91,US,2022-10-04 01:05:39,overcast clouds
435,Sheksna,59.21,38.5107,46.53,87,63,14.27,RU,2022-10-04 01:05:40,broken clouds
436,Jacmel,18.2342,-72.5347,78.62,85,98,3.42,HT,2022-10-04 01:05:40,overcast clouds
437,Tay Ninh,11.3,106.1,81.03,81,31,4.54,VN,2022-10-04 01:05:41,scattered clouds
438,Fergus Falls,46.283,-96.0776,67.17,58,100,5.75,US,2022-10-04 01:05:41,overcast clouds
439,Elizabeth City,36.2946,-76.2511,53.62,95,100,19.57,US,2022-10-04 01:05:41,overcast clouds
440,Carbondale,37.7273,-89.2168,60.03,70,0,4.61,US,2022-10-04 01:03:31,clear sky
441,Dingle,10.9995,122.6711,83.82,79,100,5.77,PH,2022-10-04 01:05:42,overcast clouds
442,Andros Town,24.7,-77.7667,80.94,69,81,13.38,BS,2022-10-04 01:03:19,broken clouds
443,Straumen,63.8709,11.2999,48.2,89,59,4.85,NO,2022-10-04 01:05:43,broken clouds
444,Bitung,1.4451,125.1824,86.85,68,81,3.2,ID,2022-10-04 01:05:43,broken clouds
445,Bima,-8.4667,118.7167,86.94,63,85,5.86,ID,2022-10-04 01:05:44,overcast clouds
446,Hanchuan,30.65,113.7667,66.34,74,100,17.87,CN,2022-10-04 01:05:18,overcast clouds
447,Novorzhev,57.0294,29.3338,43.18,94,100,3.98,RU,2022-10-04 01:05:44,overcast clouds
448,Mikumi,-7.4041,36.9831,63.05,81,17,1.9,TZ,2022-10-04 01:05:44,few clouds
449,Beidao,34.5686,105.8933,53.37,79,98,3.51,CN,2022-10-04 01:05:19,overcast clouds
450,Jerantut,3.936,102.3626,76.86,91,99,0.94,MY,2022-10-04 01:05:45,overcast clouds
451,Coihaique,-45.5752,-72.0662,48.81,66,0,1.14,CL,2022-10-04 01:05:45,clear sky
452,Antofagasta,-23.65,-70.4,58.28,78,31,3.69,CL,2022-10-04 01:05:46,scattered clouds
453,Karachi,24.9056,67.0822,78.62,89,40,4.61,PK,2022-10-04 01:03:46,smoke
454,Akonolinga,3.7667,12.25,66.52,100,100,2.42,CM,2022-10-04 01:05:11,overcast clouds
455,Vallenar,-28.5708,-70.7581,57.76,64,0,2.21,CL,2022-10-04 01:06:46,clear sky
456,Benguela,-12.5763,13.4055,71.37,83,15,3.8,AO,2022-10-04 01:06:47,few clouds
457,Teguise,29.0605,-13.564,73.62,50,100,13.8,ES,2022-10-04 01:06:47,overcast clouds
458,Bubaque,11.2833,-15.8333,80.98,78,100,7.36,GW,2022-10-04 01:06:47,moderate rain
459,Ambilobe,-13.2,49.05,64.18,83,10,3.24,MG,2022-10-04 01:06:48,clear sky
460,Labytnangi,66.6572,66.4183,32.99,94,17,8.05,RU,2022-10-04 01:06:48,few clouds
461,Constantine,36.365,6.6147,71.01,49,40,2.3,DZ,2022-10-04 01:06:49,scattered clouds
462,Port Hardy,50.6996,-127.4199,60.35,87,82,5.59,CA,2022-10-04 01:06:49,broken clouds
463,Chama,47.1821,8.4636,51.84,91,100,2.3,CH,2022-10-04 01:06:49,overcast clouds
464,Pedernales,18.0384,-71.744,82.17,78,94,0.6,DO,2022-10-04 01:06:50,overcast clouds
465,Esperance,-33.8667,121.9,60.64,78,44,11.5,AU,2022-10-04 01:06:50,scattered clouds
466,Vanimo,-2.6741,141.3028,86.79,61,79,5.84,PG,2022-10-04 01:06:51,broken clouds
467,Mantua,45.1667,10.7833,61.34,89,27,1.99,IT,2022-10-04 01:06:51,scattered clouds
468,Tautira,-17.7333,-149.15,76.64,80,26,21.41,PF,2022-10-04 01:06:51,light rain
469,Isla Mujeres,21.2311,-86.731,77.16,69,9,10.51,MX,2022-10-04 01:06:52,clear sky
470,Teya,60.3778,92.6267,27.84,83,91,3.42,RU,2022-10-04 01:06:52,overcast clouds
471,Merauke,-8.4667,140.3333,86.52,67,52,8.12,ID,2022-10-04 01:06:53,broken clouds
472,Iwanai,42.9744,140.5089,64.69,99,100,9.78,JP,2022-10-04 01:06:53,light rain
473,Egvekinot,66.3167,-179.1667,27.9,74,88,8.55,RU,2022-10-04 01:06:53,overcast clouds
474,Deer Lake,49.1667,-57.4316,37.45,92,6,5.21,CA,2022-10-04 01:06:54,clear sky
475,Bairiki,1.3292,172.9752,84.2,79,75,5.75,KI,2022-10-04 01:06:54,light rain
476,Inirida,3.8653,-67.9239,77.25,84,98,3.04,CO,2022-10-04 01:06:55,overcast clouds
477,Harrisonville,38.6533,-94.3488,71.98,55,0,3.44,US,2022-10-04 01:06:55,clear sky
478,Sungaipenuh,-2.0833,101.3833,68.88,86,100,1.72,ID,2022-10-04 01:06:56,overcast clouds
479,Dale,38.1689,-86.99,62.31,54,0,4.61,US,2022-10-04 01:06:56,clear sky
480,Kirakira,-10.4544,161.9205,82.94,75,99,7.27,SB,2022-10-04 01:06:56,overcast clouds
481,Hihya,30.6713,31.588,68.11,71,0,5.37,EG,2022-10-04 01:06:57,clear sky
482,Merritt Island,28.5392,-80.672,75.04,72,75,11.01,US,2022-10-04 01:06:57,broken clouds
483,Santa Maria,-29.6842,-53.8069,53.56,71,1,7.09,BR,2022-10-04 01:06:57,clear sky
484,Churapcha,62.0025,132.4325,25.99,69,99,6.33,RU,2022-10-04 01:06:58,overcast clouds
485,Anqing,30.5092,117.0506,68.99,77,100,17.96,CN,2022-10-04 01:06:58,overcast clouds
486,Nemuro,43.3236,145.575,66.88,89,100,28.21,JP,2022-10-04 01:06:59,overcast clouds
487,Colares,38.7992,-9.4469,70.79,85,6,13.0,PT,2022-10-04 01:06:59,clear sky
488,Moctezuma,29.8,-109.6667,80.22,40,0,5.14,MX,2022-10-04 01:05:07,clear sky
489,Vila Velha,-20.3297,-40.2925,72.95,92,100,8.01,BR,2022-10-04 01:03:53,heavy intensity rain
490,Tingo Maria,-9.2895,-76.0088,70.2,93,49,2.48,PE,2022-10-04 01:07:00,scattered clouds
491,Carroll,39.5501,-77.0164,49.05,87,100,3.44,US,2022-10-04 01:07:00,moderate rain
492,Lafia,8.4833,8.5167,72.91,95,100,2.86,NG,2022-10-04 01:07:00,overcast clouds
493,Bonavista,48.6499,-53.1147,47.91,57,14,10.78,CA,2022-10-04 01:07:01,few clouds
494,Emba,48.8264,58.1442,39.61,30,0,9.53,KZ,2022-10-04 01:07:01,clear sky
495,Hualmay,-11.0964,-77.6139,61.97,82,38,10.74,PE,2022-10-04 01:07:02,scattered clouds
496,Sayaxche,16.5167,-90.1667,72.34,89,100,1.95,GT,2022-10-04 01:07:02,overcast clouds
497,Sorland,67.667,12.6934,46.26,82,100,17.98,NO,2022-10-04 01:07:03,overcast clouds
498,Santa Cruz Cabralia,-16.2781,-39.0247,75.43,88,0,6.91,BR,2022-10-04 01:07:03,clear sky
499,Riyadh,24.6877,46.7219,77.02,24,0,1.79,SA,2022-10-04 01:02:20,clear sky
500,Palafrugell,41.9174,3.1631,67.42,92,54,1.01,ES,2022-10-04 01:04:30,broken clouds
501,De Aar,-30.6497,24.0123,55.44,34,37,7.81,ZA,2022-10-04 01:08:04,scattered clouds
502,El Alto,-4.2714,-81.2147,61.38,87,100,18.3,PE,2022-10-04 01:06:32,overcast clouds
503,Mandalgovi,45.7625,106.2708,27.32,33,0,10.07,MN,2022-10-04 01:08:05,clear sky
504,Sergeyevka,53.88,67.4158,34.21,48,26,7.36,KZ,2022-10-04 01:07:02,scattered clouds
505,Palana,59.1167,159.9667,42.1,79,100,7.99,RU,2022-10-04 01:04:32,overcast clouds
506,Geilo,60.5333,8.2076,42.69,87,100,4.76,NO,2022-10-04 01:08:06,overcast clouds
507,Edson,53.5835,-116.4356,58.12,75,96,3.38,CA,2022-10-04 01:08:07,overcast clouds
508,Kashary,49.04,41.0056,51.96,77,99,5.77,RU,2022-10-04 01:08:07,overcast clouds
509,Canto Do Buriti,-8.11,-42.9444,79.14,24,5,4.97,BR,2022-10-04 01:08:08,clear sky
510,Tirumullaivasal,11.2333,79.8333,80.04,74,100,7.74,IN,2022-10-04 01:08:08,overcast clouds
511,Stornoway,58.2093,-6.3865,58.96,95,100,31.07,GB,2022-10-04 01:08:09,moderate rain
512,Puttur,12.7667,75.2167,77.11,98,100,1.14,IN,2022-10-04 01:08:09,overcast clouds
513,Vostok,46.4856,135.8833,30.99,66,8,13.96,RU,2022-10-04 01:08:09,clear sky
514,Corn Island,12.1694,-83.0418,82.56,75,75,14.41,NI,2022-10-04 01:08:10,broken clouds
515,Ambanja,-13.6833,48.45,67.35,78,10,2.98,MG,2022-10-04 01:08:10,clear sky
516,La Rioja,42.25,-2.5,49.78,54,41,5.84,ES,2022-10-04 01:08:10,scattered clouds
517,Wilmington,34.2257,-77.9447,57.11,76,100,14.97,US,2022-10-04 01:05:43,overcast clouds
518,Rosario,-32.9468,-60.6393,66.94,43,0,13.8,AR,2022-10-04 01:06:52,clear sky
519,Xining,36.6167,101.7667,43.79,44,44,1.79,CN,2022-10-04 01:08:11,scattered clouds
520,Kikwit,-5.041,18.8162,69.69,94,49,1.23,CD,2022-10-04 01:08:11,scattered clouds
521,Banjar,-8.19,114.9675,81.36,81,100,4.99,ID,2022-10-04 01:08:12,overcast clouds
522,Dehui,44.5333,125.7,40.39,43,0,15.05,CN,2022-10-04 01:08:12,clear sky
523,Buncrana,55.1333,-7.45,61.21,79,100,21.36,IE,2022-10-04 01:08:13,light rain
524,Clifton,40.8584,-74.1638,49.75,89,100,12.66,US,2022-10-04 01:07:15,moderate rain
525,Pitimbu,-7.4706,-34.8086,73.99,78,15,10.02,BR,2022-10-04 01:08:13,few clouds
526,Seymchan,62.8833,152.4333,26.02,79,100,10.87,RU,2022-10-04 01:08:14,overcast clouds
527,Durango,24.8333,-104.8333,53.17,91,100,3.15,MX,2022-10-04 01:06:08,overcast clouds
528,Katsuura,35.1333,140.3,77.2,70,73,19.28,JP,2022-10-04 01:08:14,broken clouds
529,Kargasok,59.0556,80.8572,31.1,74,100,11.03,RU,2022-10-04 01:06:55,overcast clouds
530,Gazanjyk,39.2446,55.5154,55.96,18,0,12.24,TM,2022-10-04 01:08:15,clear sky
531,Cavalcante,-13.7975,-47.4583,75.15,52,67,2.68,BR,2022-10-04 01:08:15,broken clouds
532,Bo Phloi,14.3236,99.5161,75.25,95,100,5.88,TH,2022-10-04 01:08:16,overcast clouds
533,Cascais,38.6979,-9.4215,70.97,86,5,13.0,PT,2022-10-04 01:08:16,clear sky
534,Bulawayo,-20.15,28.5833,65.88,31,0,5.21,ZW,2022-10-04 01:08:17,clear sky
535,Maldonado,-34.6667,-54.9167,53.22,89,17,4.23,UY,2022-10-04 01:08:17,few clouds
536,Enshi,30.3,109.4833,77.77,76,100,0.96,CN,2022-10-04 01:08:17,overcast clouds
537,Valea Mare,44.4667,24.4333,46.29,68,19,6.46,RO,2022-10-04 01:08:18,few clouds
538,Bilibino,68.0546,166.4372,26.87,71,100,2.19,RU,2022-10-04 01:04:00,overcast clouds
539,San Andres,12.5847,-81.7006,78.82,94,75,0.0,CO,2022-10-04 01:08:19,broken clouds
540,Safford,32.834,-109.7076,85.12,24,0,4.61,US,2022-10-04 01:08:19,clear sky
541,Champerico,14.3,-91.9167,80.73,77,97,7.2,GT,2022-10-04 01:08:20,overcast clouds
542,Port Keats,-14.25,129.55,87.55,54,40,7.25,AU,2022-10-04 01:08:20,scattered clouds
543,Yaan,7.3833,8.5667,72.82,91,100,4.94,NG,2022-10-04 01:08:21,overcast clouds
544,Aluksne,57.4167,27.05,42.01,96,100,11.56,LV,2022-10-04 01:08:21,overcast clouds
545,Ambo,-10.1308,-76.2047,62.91,83,45,4.59,PE,2022-10-04 01:08:21,scattered clouds
546,Puri,19.8,85.85,77.52,92,100,11.56,IN,2022-10-04 01:06:24,heavy intensity rain
547,Husavik,66.0449,-17.3389,42.78,90,100,8.41,IS,2022-10-04 01:09:22,overcast clouds
548,Yurginskoye,56.8189,67.3921,42.89,65,100,10.38,RU,2022-10-04 01:09:23,light rain
549,Erzincan,39.75,39.5,52.9,87,40,1.14,TR,2022-10-04 01:09:24,scattered clouds
550,Ngunguru,-35.6167,174.5,59.63,67,40,5.17,NZ,2022-10-04 01:09:24,scattered clouds
551,Kumluca,36.3703,30.2869,75.52,55,0,4.63,TR,2022-10-04 01:09:25,clear sky
552,Leshukonskoye,64.8989,45.7622,37.65,90,100,6.91,RU,2022-10-04 01:09:26,overcast clouds
553,Markivka,49.5229,39.5705,50.86,83,100,8.05,UA,2022-10-04 01:09:26,overcast clouds
554,Manado,1.487,124.8455,86.77,66,40,3.44,ID,2022-10-04 01:09:27,scattered clouds
555,Javanrud,34.7961,46.5172,58.59,33,0,4.29,IR,2022-10-04 01:09:28,clear sky
556,Tevaitoa,-16.7833,-151.5,78.53,75,0,14.74,PF,2022-10-04 01:09:29,light rain
557,Hami,42.8,93.45,50.97,13,27,4.05,CN,2022-10-04 01:08:07,scattered clouds
558,Monteagudo,-19.8167,-63.9833,64.06,60,86,1.36,BO,2022-10-04 01:09:29,overcast clouds
559,Astoria,46.1879,-123.8313,59.47,92,100,4.61,US,2022-10-04 01:08:18,mist
560,Udachnyy,66.4167,112.4,17.46,78,49,4.9,RU,2022-10-04 01:09:30,scattered clouds
561,Algodones,20.3888,-105.4773,77.54,89,88,3.33,MX,2022-10-04 01:09:30,overcast clouds
562,Warren,39.4334,-84.1666,57.13,66,0,3.44,US,2022-10-04 01:06:01,clear sky
563,Ajdabiya,30.7554,20.2263,71.31,76,27,7.72,LY,2022-10-04 01:09:31,scattered clouds
564,Isangel,-19.55,169.2667,78.91,78,75,9.22,VU,2022-10-04 01:09:31,broken clouds
565,Barra Patuca,15.8,-84.2833,77.05,82,100,5.26,HN,2022-10-04 01:09:32,overcast clouds
566,Scarborough,54.2797,-0.4044,54.97,85,96,11.01,GB,2022-10-04 01:07:03,overcast clouds
567,Ruwi,23.5996,58.5507,82.09,65,0,7.2,OM,2022-10-04 01:09:32,clear sky
568,Angola,-12.5,18.5,60.82,39,7,1.57,AO,2022-10-04 01:09:33,clear sky
569,Qorveh,35.1664,47.8045,54.34,33,0,4.12,IR,2022-10-04 01:09:33,clear sky
570,Sibu,2.3,111.8167,75.92,96,100,1.95,MY,2022-10-04 01:09:33,overcast clouds
571,Neryungri,56.6709,124.6491,25.43,78,100,12.21,RU,2022-10-04 01:09:35,light snow
572,Dunedin,-45.8742,170.5036,58.01,46,92,5.03,NZ,2022-10-04 01:09:36,overcast clouds
573,Upata,8.0086,-62.3989,78.19,95,91,2.3,VE,2022-10-04 01:09:36,overcast clouds
574,Curillo,1.0333,-75.9191,76.28,78,98,2.86,CO,2022-10-04 01:09:36,overcast clouds
575,Indramayu,-6.3264,108.32,82.62,68,100,5.01,ID,2022-10-04 01:09:37,overcast clouds
576,Tura,25.5198,90.2201,72.01,96,100,3.27,IN,2022-10-04 01:09:37,overcast clouds
577,Tiznit,29.5833,-9.5,76.1,28,7,0.72,MA,2022-10-04 01:09:38,clear sky
578,Itajuba,-22.4256,-45.4528,65.75,90,7,2.55,BR,2022-10-04 01:09:38,clear sky
579,Miyako,39.6367,141.9525,75.7,63,96,11.72,JP,2022-10-04 01:09:38,overcast clouds
580,Oksfjord,70.2396,22.3479,44.78,82,100,7.14,NO,2022-10-04 01:09:39,overcast clouds
581,Inuvik,68.3499,-133.7218,25.34,88,18,5.23,CA,2022-10-04 01:09:39,few clouds
582,Brae,60.3964,-1.353,53.67,95,100,26.69,GB,2022-10-04 01:09:40,moderate rain
583,Komsomolskiy,40.4272,71.7189,54.32,50,1,9.22,UZ,2022-10-04 01:09:40,clear sky
584,Bengkulu,-3.8004,102.2655,77.76,86,100,3.2,ID,2022-10-04 01:09:40,overcast clouds
585,Spokane,47.6166,-117.3677,76.33,45,0,5.75,US,2022-10-04 01:09:41,smoke
586,Agadez,19.75,10.25,83.55,18,0,8.93,NE,2022-10-04 01:09:41,clear sky
587,Sangmelima,2.9333,11.9833,66.92,100,100,2.08,CM,2022-10-04 01:09:42,moderate rain
588,Rockport,28.0206,-97.0544,79.0,66,0,3.44,US,2022-10-04 01:05:55,clear sky
589,Luganville,-15.5333,167.1667,81.19,76,33,6.67,VU,2022-10-04 01:09:42,scattered clouds
590,Lubao,14.9167,120.55,83.73,74,95,6.15,PH,2022-10-04 01:09:42,overcast clouds
591,Jackson,42.4165,-122.8345,89.47,25,0,8.05,US,2022-10-04 01:09:43,clear sky
592,Storforshei,66.4043,14.5233,46.65,93,100,0.0,NO,2022-10-04 01:09:43,mist
593,Buala,-8.145,159.5921,84.02,72,100,9.24,SB,2022-10-04 01:10:44,light rain
594,Frankfort,-27.2667,28.4833,65.34,30,0,5.06,ZA,2022-10-04 01:10:44,clear sky
595,Kokopo,-4.352,152.2633,86.72,58,100,8.77,PG,2022-10-04 01:10:45,overcast clouds
596,Vryburg,-26.9566,24.7284,59.88,13,0,8.08,ZA,2022-10-04 01:10:45,clear sky
597,Half Moon Bay,37.4636,-122.4286,72.57,71,0,20.71,US,2022-10-04 01:10:45,clear sky
598,Diapaga,12.0708,1.7889,76.89,81,5,8.46,BF,2022-10-04 01:10:46,clear sky
599,Jalu,29.0331,21.5482,70.48,73,0,12.12,LY,2022-10-04 01:10:46,clear sky
600,Lucapa,-8.4192,20.7447,65.82,87,10,3.67,AO,2022-10-04 01:10:46,clear sky
601,Kawalu,-7.3817,108.2082,76.39,89,99,2.91,ID,2022-10-04 01:10:47,overcast clouds
602,Pahrump,36.2083,-115.9839,90.45,14,19,3.0,US,2022-10-04 01:10:47,few clouds
603,Ust-Nera,64.5667,143.2,17.94,87,97,6.22,RU,2022-10-04 01:10:48,overcast clouds
604,Santa Catarina De Tepehuanes,25.35,-105.7333,57.31,83,93,4.07,MX,2022-10-04 01:10:48,overcast clouds
605,Shelton,41.3165,-73.0932,51.96,81,100,17.27,US,2022-10-04 01:06:34,overcast clouds
606,Sinnamary,5.3833,-52.95,78.49,87,97,8.66,GF,2022-10-04 01:10:48,overcast clouds
607,Comodoro Rivadavia,-45.8667,-67.5,53.46,66,0,2.3,AR,2022-10-04 01:10:49,clear sky
608,Emerald,-23.5333,148.1667,74.34,53,17,16.04,AU,2022-10-04 01:10:49,few clouds
609,Arlit,18.7369,7.3853,91.09,13,0,5.82,NE,2022-10-04 01:10:50,clear sky
610,Maneadero,31.7167,-116.5667,67.1,86,39,4.0,MX,2022-10-04 01:10:50,scattered clouds
611,Sena Madureira,-9.0656,-68.6569,77.97,67,27,1.7,BR,2022-10-04 01:10:50,scattered clouds
612,Ixtapa,20.7,-105.2,81.63,83,75,8.05,MX,2022-10-04 01:09:55,broken clouds
613,Bumba,2.1833,22.4667,68.97,97,100,3.65,CD,2022-10-04 01:10:51,light rain
614,Elat,29.5581,34.9482,78.64,41,0,5.75,IL,2022-10-04 01:10:51,clear sky
615,Aswan,24.0934,32.907,82.89,37,0,9.89,EG,2022-10-04 01:10:52,clear sky
616,Igarape,-20.0703,-44.3017,65.1,86,26,3.4,BR,2022-10-04 01:10:52,light rain
617,San Vicente,-26.6167,-54.1333,52.65,85,0,3.56,AR,2022-10-04 01:10:53,clear sky
618,San Rafael,-34.6177,-68.3301,71.11,33,48,20.78,AR,2022-10-04 01:10:35,scattered clouds
619,Sao Joao Do Piaui,-8.3581,-42.2467,77.4,26,5,3.89,BR,2022-10-04 01:10:53,clear sky
620,Foumban,5.7291,10.9001,61.2,94,99,3.06,CM,2022-10-04 01:10:53,overcast clouds
621,Yerbogachen,61.2767,108.0108,27.81,70,21,6.04,RU,2022-10-04 01:10:54,few clouds
622,Viedma,-40.8135,-62.9967,55.04,67,100,20.2,AR,2022-10-04 01:10:54,overcast clouds
623,Hunchun,42.8675,130.3581,48.13,40,10,14.03,CN,2022-10-04 01:10:55,clear sky
624,San Lorenzo,-25.3333,-57.5333,67.14,52,0,6.49,PY,2022-10-04 01:10:55,clear sky
625,Talara,-4.5772,-81.2719,63.12,88,96,17.4,PE,2022-10-04 01:10:55,overcast clouds
626,Okato,-39.2,173.8833,63.18,53,3,10.0,NZ,2022-10-04 01:10:56,clear sky
627,Neiafu,-18.65,-173.9833,83.08,69,40,10.36,TO,2022-10-04 01:10:56,scattered clouds
628,Gallup,35.5281,-108.7426,60.64,67,100,10.36,US,2022-10-04 01:10:57,overcast clouds
629,Marawi,7.9986,124.2928,79.95,61,97,1.83,PH,2022-10-04 01:10:57,overcast clouds
630,Svetlyy,54.675,20.1347,53.96,79,52,18.19,RU,2022-10-04 01:10:57,broken clouds
631,Ossora,59.2353,163.0719,41.86,71,100,4.29,RU,2022-10-04 01:10:58,overcast clouds
632,Majene,-3.5403,118.9707,82.58,75,34,1.14,ID,2022-10-04 01:10:59,scattered clouds
633,Kapuskasing,49.4169,-82.4331,55.78,85,98,7.14,CA,2022-10-04 01:10:59,overcast clouds
634,Kijang,35.2442,129.2139,80.33,84,100,19.01,KR,2022-10-04 01:11:00,moderate rain
635,Horsham,51.064,-0.3272,62.44,94,75,3.44,GB,2022-10-04 01:11:00,broken clouds
636,Opatija,45.3392,14.3083,59.16,78,36,5.19,HR,2022-10-04 01:11:00,scattered clouds
637,Vardo,70.3705,31.1107,37.38,87,100,5.75,NO,2022-10-04 01:11:01,overcast clouds
638,Krasnoselkup,65.7,82.4667,33.37,97,100,21.23,RU,2022-10-04 01:11:01,light snow
639,Mogadishu,2.0371,45.3438,76.32,84,34,12.21,SO,2022-10-04 01:11:02,scattered clouds
640,Broken Hill,-31.95,141.4333,72.77,33,100,21.74,AU,2022-10-04 01:07:20,overcast clouds
641,Tefe,-3.3542,-64.7114,77.38,81,100,0.87,BR,2022-10-04 01:11:02,moderate rain
642,Launceston,-41.45,147.1667,58.8,58,17,19.57,AU,2022-10-04 01:09:46,few clouds
643,Igboho,8.8333,3.75,71.37,97,44,4.88,NG,2022-10-04 01:12:03,scattered clouds
644,Robertson,36.5167,-86.8667,67.89,62,40,5.75,US,2022-10-04 01:12:04,scattered clouds
645,Luanda,-8.8368,13.2343,72.48,85,49,5.82,AO,2022-10-04 01:12:04,scattered clouds
646,Dongli,23.5656,116.8194,84.6,68,0,2.42,CN,2022-10-04 01:12:04,clear sky
647,Iranshahr,27.2025,60.6848,79.02,33,0,2.64,IR,2022-10-04 01:07:22,clear sky
648,Singaraja,-8.112,115.0882,82.2,77,100,3.27,ID,2022-10-04 01:12:05,overcast clouds
649,Faya,18.3851,42.4509,61.32,35,1,5.41,SA,2022-10-04 01:08:48,clear sky
650,Maumere,-8.6199,122.2111,83.66,70,30,3.96,ID,2022-10-04 01:12:05,scattered clouds
651,Porto Novo,6.4965,2.6036,76.17,92,56,5.39,BJ,2022-10-04 01:12:06,light rain
652,Phalombe,-15.8064,35.6507,70.23,61,0,2.46,MW,2022-10-04 01:12:06,clear sky
653,Tilichiki,60.4667,166.1,37.27,71,100,2.35,RU,2022-10-04 01:12:06,overcast clouds
654,Lianran,24.9227,102.485,65.39,82,14,2.66,CN,2022-10-04 01:12:07,few clouds
655,Putyatino,54.16,41.1169,48.4,81,7,13.29,RU,2022-10-04 01:12:07,clear sky
656,Baykalovo,57.3981,63.7684,48.97,77,100,9.28,RU,2022-10-04 01:12:08,overcast clouds
657,Bay Roberts,47.5999,-53.2648,44.92,68,7,5.75,CA,2022-10-04 01:12:08,clear sky
658,Salta,-24.7859,-65.4117,67.57,54,0,6.91,AR,2022-10-04 01:12:09,clear sky
659,Andenes,69.3143,16.1194,44.92,100,20,6.91,NO,2022-10-04 01:12:09,few clouds
660,Khandyga,62.6667,135.6,24.85,50,13,5.23,RU,2022-10-04 01:12:10,few clouds
661,Fuzhou,26.0614,119.3061,86.11,59,0,1.5,CN,2022-10-04 01:12:10,clear sky
662,Bondo,3.8146,23.6866,68.38,99,100,1.92,CD,2022-10-04 01:12:11,overcast clouds
663,Calvinia,-31.4707,19.776,43.41,86,6,1.99,ZA,2022-10-04 01:12:11,clear sky
664,Harlingen,26.1906,-97.6961,79.9,49,0,5.75,US,2022-10-04 01:11:49,clear sky
665,Nizhniy Tsasuchey,50.5167,115.1333,32.32,52,8,11.95,RU,2022-10-04 01:12:12,clear sky
666,Belyy Yar,53.6039,91.3903,17.49,93,0,0.0,RU,2022-10-04 01:12:12,clear sky
667,Shelburne,44.0787,-80.2041,47.75,71,88,1.79,CA,2022-10-04 01:12:13,overcast clouds
668,Carauari,-4.8828,-66.8958,79.02,76,67,2.77,BR,2022-10-04 01:09:10,heavy intensity rain
669,Russkiy Aktash,55.0384,52.1214,50.13,36,100,12.15,RU,2022-10-04 01:12:13,overcast clouds
670,Goderich,43.7501,-81.7165,49.91,87,6,4.61,CA,2022-10-04 01:12:14,clear sky
671,Picota,-6.9197,-76.3304,77.49,97,66,0.38,PE,2022-10-04 01:12:14,broken clouds
672,Pangody,65.85,74.4859,36.66,96,100,11.61,RU,2022-10-04 01:12:14,overcast clouds
673,Benito Juarez,19.385,-99.165,69.62,40,20,13.8,MX,2022-10-04 01:12:15,few clouds
674,Labuhan,-6.8844,112.2051,82.06,71,98,11.32,ID,2022-10-04 01:12:15,overcast clouds
675,Bonito,-21.1211,-56.4819,68.68,59,30,4.36,BR,2022-10-04 01:12:16,scattered clouds
676,Fairbanks,64.8378,-147.7164,51.8,70,40,5.75,US,2022-10-04 01:12:16,scattered clouds
677,Dwarka,22.2394,68.9678,80.62,71,34,6.06,IN,2022-10-04 01:12:16,scattered clouds
678,Muros,42.7762,-9.0603,59.09,89,2,2.51,ES,2022-10-04 01:12:17,clear sky
679,Khuzdar,27.7384,66.6434,70.95,38,0,2.55,PK,2022-10-04 01:12:17,clear sky
680,Taveta,-3.3963,37.6736,63.52,79,99,3.49,KE,2022-10-04 01:12:18,overcast clouds
